Arquivo,Modelo,Referencia,Hipotese,WER,CER,RTF,BERTScore
44437_alip_.wav,Vosk,é os jogadores eles uh tão num time hoje aí daí um ano jogam uma temporada num time depois o outro ano tá em outro time o outro tá em outro eles vai vão passando muito rapidamente de um time para o outro e perde aquele aquele amor ao clube aquela dedicação ao clube entendeu não identifica muito com o clube onde ele joga eh então essa é uma é uma diferença é uma mudança que houve no futebol profissional,jogadores são uns e hoje o jogo uma temporada foi outro lugar nenhum outro carinhoso prevenção fashion o outro amor ao clube mundo cursos on line então então a mudança no futebol,0.8125,0.6518518518518519,0.194039962056452,0.6907821
44437_alip_.wav,Whisper,é os jogadores eles uh tão num time hoje aí daí um ano jogam uma temporada num time depois o outro ano tá em outro time o outro tá em outro eles vai vão passando muito rapidamente de um time para o outro e perde aquele aquele amor ao clube aquela dedicação ao clube entendeu não identifica muito com o clube onde ele joga eh então essa é uma é uma diferença é uma mudança que houve no futebol profissional,"é, os jogadores eles estão num time hoje, dá em um ano, jogam uma temporada num time, depois outro ano, tá em outro time, outro, tá em outro, elesaram um bom passando muito rapidamente de um time para o outro e pede aquele amor ao clube, aquela descação ao clube, ele identifica muito com o clube, onde ele joga, então essa é uma, é uma diferença, é uma mudança",0.25,0.21975308641975308,0.06577326468024346,0.85293293
44437_alip_.wav,Wav2Vec2,é os jogadores eles uh tão num time hoje aí daí um ano jogam uma temporada num time depois o outro ano tá em outro time o outro tá em outro eles vai vão passando muito rapidamente de um time para o outro e perde aquele aquele amor ao clube aquela dedicação ao clube entendeu não identifica muito com o clube onde ele joga eh então essa é uma é uma diferença é uma mudança que houve no futebol profissional,dadee os jogadores eles ntão num time hoje a dai um ano jogua uma temporada ne um time depois outro ano taneoutro time e o outro taneotro elisar um bom parsuno muito rapidamente de um time para o outro e pede aquele aquele amour a o clube é pela dibsicasuna um alclube neu nindentisfica muito com o clube onde eles joga e então essa é uma é uma diferença é uma mudança que houve no futebol profissional,0.4125,0.16790123456790124,0.16908781453284946,0.8236581
9811_alip_.wav,Vosk,aí ao banheiro né é um banheiro pe é grande assim eh do jeito assim é bonito assim tem né vaso pia é coisa que todo banheiro tem aí no outro quarto a minha mãe tem a cama dela a as eh a cômoda o guarda roupa,a ir ao banheiro e grande um assim é bonita coisas torneira fiscais da minha mãe cama dela como um guarda roupa,0.7872340425531915,0.5458937198067633,0.1942634812653295,0.72995704
9811_alip_.wav,Whisper,aí ao banheiro né é um banheiro pe é grande assim eh do jeito assim é bonito assim tem né vaso pia é coisa que todo banheiro tem aí no outro quarto a minha mãe tem a cama dela a as eh a cômoda o guarda roupa,"Aí, ao banheiro, né? É grande, assim. Do jeito assim, é bonito, assim, tem vaso, pia, coisa que todo banheiro tem. Aí, no outro caso, a minha mãe tem a cama dela, a cômoda, o lugar da roupa.",0.2765957446808511,0.25120772946859904,0.05450553645498504,0.79185855
9811_alip_.wav,Wav2Vec2,aí ao banheiro né é um banheiro pe é grande assim eh do jeito assim é bonito assim tem né vaso pia é coisa que todo banheiro tem aí no outro quarto a minha mãe tem a cama dela a as eh a cômoda o guarda roupa,a ao banheele ne ambayo p é grande assie do jeito assinho é bonito sinquém ne bargo pir é coisa que todo banheiro tem a inoutro quar da minha mãe tem a cama dela a e a cómoda o guarda- roupa,0.48936170212765956,0.21739130434782608,0.12449840781311272,0.79694664
42913_alip_.wav,Vosk,e seu quarto aqui nessa casa como que é olha o quarto aqui na minha casa é é um quarto bastante pequeno né mas é um quarto legal tal e é um quarto pequeno tem um guarda roupa a minha cama o meu teclado,e o frança,0.9545454545454546,0.9601990049751243,0.21371933413140567,0.66258484
42913_alip_.wav,Whisper,e seu quarto aqui nessa casa como que é olha o quarto aqui na minha casa é é um quarto bastante pequeno né mas é um quarto legal tal e é um quarto pequeno tem um guarda roupa a minha cama o meu teclado,"E o seu quarto aqui na casa? Por que? O quarto aqui na minha casa é... A parte mais pequena, né? Mas... Não gosto de gás, tal. E... O que eu posso queci? E não gosto de rosto? A minha crona? Não que cron...",0.6363636363636364,0.48756218905472637,0.06583185843479486,0.6994727
42913_alip_.wav,Wav2Vec2,e seu quarto aqui nessa casa como que é olha o quarto aqui na minha casa é é um quarto bastante pequeno né mas é um quarto legal tal e é um quarto pequeno tem um guarda roupa a minha cama o meu teclado,e e seu quarto requime ficad quande é oouriquart assina minha casa éa car macacho pequeno na maium caçou legalhotal eeu tase procema e um guaga-roupa a minha croma mopiclo,0.7727272727272727,0.42786069651741293,0.1254366749108083,0.7148888
3360_alip_.wav,Vosk,aí eles foram para um teatro lá que era muito grande tinha competidores nacionais de tudo quanto é cidade ela falou que tinha apresentações muito lindas ela nem acreditou que ela podia ganhar,era muito brilhante a nacionais torta nacionais apresentações muito transitou de ganhar,0.8181818181818182,0.6335078534031413,0.2980691512176609,0.7016975
3360_alip_.wav,Whisper,aí eles foram para um teatro lá que era muito grande tinha competidores nacionais de tudo quanto é cidade ela falou que tinha apresentações muito lindas ela nem acreditou que ela podia ganhar,"Aí eles foram, o Teatro, lá era muito grande, tinha compreendito eles nas cenagens de dor com a cidade, a flor com a apresentação de muitos lindas, ela nem acreditou, ela podia ganhar.",0.5454545454545454,0.32460732984293195,0.07358847366978756,0.78056556
3360_alip_.wav,Wav2Vec2,aí eles foram para um teatro lá que era muito grande tinha competidores nacionais de tudo quanto é cidade ela falou que tinha apresentações muito lindas ela nem acreditou que ela podia ganhar,ae eles foram pom o teatroe láque era muito grandes se as competitores nas cenaige de torpica cidade asouse apresentações muito lindas ela nem a creditor sela podia ganhar,0.6363636363636364,0.2774869109947644,0.12895311681454458,0.75343364
9894_alip_.wav,Vosk,eu acho que eu ah não só nosso país mas comos muitos países pra fora então eu acho que as cri a os adultos também mas as crianças tá demais esse essas esses esse é esse negócio de droga né,caso não sair somos muito sair fora antes que as usados das crianças email esse negócio,0.825,0.5957446808510638,0.28278466807790553,0.68725425
9894_alip_.wav,Whisper,eu acho que eu ah não só nosso país mas comos muitos países pra fora então eu acho que as cri a os adultos também mas as crianças tá demais esse essas esses esse é esse negócio de droga né,"Eu acho que não só na sua país, mas como muitos países para fora, então acho que os adultos também, é uma das crianças, é uma coisa de negócio de yoga.",0.575,0.3617021276595745,0.058394796158894,0.78204983
9894_alip_.wav,Wav2Vec2,eu acho que eu ah não só nosso país mas comos muitos países pra fora então eu acho que as cri a os adultos também mas as crianças tá demais esse essas esses esse é esse negócio de droga né,eu acho que eu a não so nosso país mais como os muitos países para foreton raspy ascria usar dul também mas umas crianças tã demais do se essas preciseeseese negócios de dogane,0.675,0.2712765957446808,0.12787596647997937,0.772766
9815_alip_.wav,Vosk,e meu irmão a gente dividimos o lote meu irmão tá construindo no fundo uma casa também com uma cozinha um quarto uma sala e um banheiro então lá no fundo não tem muro porque,amo a vida e mundo conferindo no fundo uma casa com uma confiança um banho no fundo não tem mundo,0.6571428571428571,0.5086705202312138,0.24517630650238556,0.7534607
9815_alip_.wav,Whisper,e meu irmão a gente dividimos o lote meu irmão tá construindo no fundo uma casa também com uma cozinha um quarto uma sala e um banheiro então lá no fundo não tem muro porque,"e meu irmão a gente dividei muito longe, meu irmão está construindo no fundo uma casa também com uma cozinha, um quarto, uma sala e um banheiro então lá no fundo não tem nuros, porque...",0.14285714285714285,0.10404624277456648,0.06601937453855168,0.8710164
9815_alip_.wav,Wav2Vec2,e meu irmão a gente dividimos o lote meu irmão tá construindo no fundo uma casa também com uma cozinha um quarto uma sala e um banheiro então lá no fundo não tem muro porque,e meu irmão a gente de vide me lote memãia está construindo no fundo uma casa também com uma cozinha um quarte uma fala e um banheiro então lá no fundo não tem muro porque,0.22857142857142856,0.09826589595375723,0.13160068880427966,0.90686417
9741_alip_.wav,Vosk,ela e a amiga né e lá dentro já estava o homossexual eles acabaram discutindo porque ela falou para ele que eles estava traindo ela e traindo justo com um homossexual aí,ela e e lá dentro da sala necessários acabamos discutindo porque ela falou prensado ela entrar com um,0.625,0.5029585798816568,0.28767029167467706,0.76452184
9741_alip_.wav,Whisper,ela e a amiga né e lá dentro já estava o homossexual eles acabaram discutindo porque ela falou para ele que eles estava traindo ela e traindo justo com um homossexual aí,ela e a amiga né e lá dentro já estava a museu que só eles acabaram discutindo porque ela falou o prêmio que ele estava traindo ela e traindo justo com a museu que só,0.34375,0.20118343195266272,0.10848863614976198,0.87628573
9741_alip_.wav,Wav2Vec2,ela e a amiga né e lá dentro já estava o homossexual eles acabaram discutindo porque ela falou para ele que eles estava traindo ela e traindo justo com um homossexual aí,ela e a miigane e lá dentro jotavamo tersolos de acabaram discutindo porque ela falou prero que re estava traindo ela e traindo justo com um uma sexual ai,0.40625,0.20710059171597633,0.12658637159792804,0.8240368
9749_alip_.wav,Vosk,aí ele parou aí ele se desesperou não não parava de sair sangue era sangue e mais sangue mesmo né que foi tomando conta do corpo dela o sangue descia da cabeça pra baixo,a ele ele senhor de sangue geração de sangue mesmo que foi tomando conta do corpo dela sem cabeça,0.5882352941176471,0.47928994082840237,0.3063421764653244,0.7631977
9749_alip_.wav,Whisper,aí ele parou aí ele se desesperou não não parava de sair sangue era sangue e mais sangue mesmo né que foi tomando conta do corpo dela o sangue descia da cabeça pra baixo,"Aí ele parou. Aí ele se desesperou num parava de saição de eração de mais sangue mesmo, que foi como no conto do corpo dela, sangue de cia da cabeça para baixo.",0.4411764705882353,0.20710059171597633,0.08430884871290717,0.78026426
9749_alip_.wav,Wav2Vec2,aí ele parou aí ele se desesperou não não parava de sair sangue era sangue e mais sangue mesmo né que foi tomando conta do corpo dela o sangue descia da cabeça pra baixo,a ele parou a íle se desesperou no mamparava de saisangue era sangue e mais sangue mesmo neki foi tomando conta do corpo dela sangue desguia da cabeça para baixo,0.38235294117647056,0.11834319526627218,0.13039114274384775,0.8605303
9768_alip_.wav,Vosk,se envolvendo com outra pessoa que era era do do serviço dele né que eles trabalhavam junto acabou terminando com a silvia pra ficar com essa outra pessoa aí ele ele,qualquer pessoa que era do serviço deve trabalhar junto juntos cabo terminando ficar outra professor aí ele,0.6774193548387096,0.509090909090909,0.3183641703799367,0.7652242
9768_alip_.wav,Whisper,se envolvendo com outra pessoa que era era do do serviço dele né que eles trabalhavam junto acabou terminando com a silvia pra ficar com essa outra pessoa aí ele ele,"se enforcendo com a pessoa que era do serviço dele, que eles trabalhavam junto, acabou terminando com a fila, para ficar com a sua outra pessoa. Aí ele...",0.3225806451612903,0.18787878787878787,0.07551179733127356,0.8465871
9768_alip_.wav,Wav2Vec2,se envolvendo com outra pessoa que era era do do serviço dele né que eles trabalhavam junto acabou terminando com a silvia pra ficar com essa outra pessoa aí ele ele,se envolveeno quantoé pessoa que era do do ser viço dele e nequeles trabalhavam junto acabou terminando e cum a fiodo par ficar da poutra pensou aí ele ele,0.5483870967741935,0.24848484848484848,0.12977358419448137,0.8135318
9745_alip_.wav,Vosk,aí quando ele se deu por conta que ela estava lavada de sangue que começou a sair muito sangue da cabeça dela porque o quadro era de vidro e acabou cortando a cabeça,aí quando ele deu interessada lavada sangue que como eu foi muito sangue acabei cedendo porque o quadro era de fibra acabou com a cabeça,0.48484848484848486,0.3090909090909091,0.2743759709927771,0.803848
9745_alip_.wav,Whisper,aí quando ele se deu por conta que ela estava lavada de sangue que começou a sair muito sangue da cabeça dela porque o quadro era de vidro e acabou cortando a cabeça,"Aí quando ele se deu para o quão ficar estava lavado de sangue, que começou a sair muito sangue da cabeça dela, porque o quadro era de vidro e acabou cortando a cabeça.",0.15151515151515152,0.09696969696969697,0.0749900523159239,0.91165507
9745_alip_.wav,Wav2Vec2,aí quando ele se deu por conta que ela estava lavada de sangue que começou a sair muito sangue da cabeça dela porque o quadro era de vidro e acabou cortando a cabeça,aí quando ele sedeu pol o ponto que ela estava lavada de sangue que começo fez muito sangue da cabeça dela porque o quadro era de vidro e acabou cortando a cabeça,0.21212121212121213,0.07878787878787878,0.13046028713385266,0.9264975
9878_alip_.wav,Vosk,aí depois eu pego espero esfriar um pouco aí eu bato gelatina com o creme de leite e o leite condensado bato bastante no li no liquidificador uns três quatro minutos,depois de ter um pouco eu bato ser a sua confiança e leite condensado bastante comum que os cabelos três,0.6774193548387096,0.5454545454545454,0.39808147809874844,0.7261322
9878_alip_.wav,Whisper,aí depois eu pego espero esfriar um pouco aí eu bato gelatina com o creme de leite e o leite condensado bato bastante no li no liquidificador uns três quatro minutos,"Depois eu pego, espero se enfiar um pouco. Eu bato de latina, concreme de lente e lente condensado. Bato bastante, não desfica de fuma, no microchicador. 3, 4 minutos.",0.6129032258064516,0.37575757575757573,0.09063018459669302,0.75992113
9878_alip_.wav,Wav2Vec2,aí depois eu pego espero esfriar um pouco aí eu bato gelatina com o creme de leite e o leite condensado bato bastante no li no liquidificador uns três quatro minutos,ainda depois de u pego espero o fri a um pouco a e o bato de latina com kreme de lere e leze com dem fat bato bastãnte noificate cúnico e focador ons  três e quatro minu,0.8387096774193549,0.3212121212121212,0.12878863744332758,0.7094261
9658_alip_.wav,Vosk,apesar dele tá perto da minha casa eu não sabia que ele estava perto da minha casa porque essa outra mulher que era colega da minha mãe não esperava que ele fosse,apesar de a pena minha casa eu não sabia que era minha cabeça sou mulher colega da minha mãe esperava que fosse,0.5,0.35185185185185186,0.35608813075200185,0.8241355
9658_alip_.wav,Whisper,apesar dele tá perto da minha casa eu não sabia que ele estava perto da minha casa porque essa outra mulher que era colega da minha mãe não esperava que ele fosse,"Apesar dele estar perdendo a minha casa, eu não sabia que ele estava perdendo a minha casa que a outra mulher que era a colega da minha mãe, não esperava, que ele fosse...",0.25,0.1728395061728395,0.12683879378383145,0.8714544
9658_alip_.wav,Wav2Vec2,apesar dele tá perto da minha casa eu não sabia que ele estava perto da minha casa porque essa outra mulher que era colega da minha mãe não esperava que ele fosse,apesar dele taperda minha casa eu não sabia que ritava perda minha casa que essa outra mulher que era colega da minha mãe ne esperava que ele fossem,0.3125,0.12345679012345678,0.13356823131350654,0.88881373
62872_alip_.wav,Vosk,só que ela se mandou embora ela quando ela percebeu que eu percebi ela ela ela ela ligou pra uns pessoal aqui da maloca dela e foi embora foi dormir pra lá,embora ela percebeu,0.90625,0.8774193548387097,0.2907073398015489,0.725264
62872_alip_.wav,Whisper,só que ela se mandou embora ela quando ela percebeu que eu percebi ela ela ela ela ligou pra uns pessoal aqui da maloca dela e foi embora foi dormir pra lá,"Só que ela se mandou embora, ela quando ela percebeu, que percebeu, ela ligou com o pessoal, a vida é maluca, ela foi embora, foi domicá-la.",0.46875,0.27741935483870966,0.09231071093092404,0.79766136
62872_alip_.wav,Wav2Vec2,só que ela se mandou embora ela quando ela percebeu que eu percebi ela ela ela ela ligou pra uns pessoal aqui da maloca dela e foi embora foi dormir pra lá,toqua elas primaboa embora ela quando ela percebeu o que o perfebia ela melarae ela licopo  pessoal aqui da maloca delico embora foi domitarlá,0.59375,0.27741935483870966,0.13146368030723668,0.77285504
3594_alip_.wav,Vosk,você pode assim escolher três ovos se você quer ele um pouquinho mais mole ou dois ovos se você quer ele um pouquinho mais duro assim parecendo um pudim,você ou aulas segurança,0.9310344827586207,0.875,0.36030701146675986,0.65794075
3594_alip_.wav,Whisper,você pode assim escolher três ovos se você quer ele um pouquinho mais mole ou dois ovos se você quer ele um pouquinho mais duro assim parecendo um pudim,"Você pode escolher 3 aulas se você quer, ele é um pouquinho mais mole ou 2 aulas se você quer, é um pouquinho mais dura, se aparecendo um pude.",0.3793103448275862,0.25,0.09076532263022202,0.8442005
3594_alip_.wav,Wav2Vec2,você pode assim escolher três ovos se você quer ele um pouquinho mais mole ou dois ovos se você quer ele um pouquinho mais duro assim parecendo um pudim,você pode tente colher três auas você quer ere e um poquinho mais mole ou doisawasse você quer um poquinho mais  duracem parecer não pudi,0.5862068965517241,0.2565789473684211,0.13140654907776758,0.79688644
62551_alip_.wav,Vosk,eu falei ela falou ah dona isaura nós estamos assistindo nós vimos também eu falei ah vocês assistem também esse programa ela falou nós assiste todo dia,nada prata problema mais fácil,1.0,0.8552631578947368,0.39495312250577486,0.605517
62551_alip_.wav,Whisper,eu falei ela falou ah dona isaura nós estamos assistindo nós vimos também eu falei ah vocês assistem também esse programa ela falou nós assiste todo dia,"Eu falei, ela falou, nós estamos assistindo um azimbo também. Eu falei, a tua ex-afície da minha escrobeira, ela falou, mas assistou pro dia.",0.5185185185185185,0.4144736842105263,0.1133875052134196,0.7137755
62551_alip_.wav,Wav2Vec2,eu falei ela falou ah dona isaura nós estamos assistindo nós vimos também eu falei ah vocês assistem também esse programa ela falou nós assiste todo dia,eu feilevearo polásgonas ale nã estava assistindo mas vimo também eu poriatees asithe da manha de problema marapolomais acitóclia,0.8518518518518519,0.506578947368421,0.12848951877691808,0.6606038
9661_alip_.wav,Vosk,aí eu isso foi um fato que eu acho que marcou muito a minha vida porque eu não esperava que de uma hora pra outra meu pai fosse embora fosse deixa,e muito a minha vida por ser encerradas que demora a outra,0.8064516129032258,0.6643835616438356,0.3846165981698544,0.6892563
9661_alip_.wav,Whisper,aí eu isso foi um fato que eu acho que marcou muito a minha vida porque eu não esperava que de uma hora pra outra meu pai fosse embora fosse deixa,"Aí foi um fato que eu acho que mais como muito na vida porque eu não esperava que do maior apalô, não faz por si embora, por que deixar.",0.5483870967741935,0.3287671232876712,0.10040925538286251,0.7759046
9661_alip_.wav,Wav2Vec2,aí eu isso foi um fato que eu acho que marcou muito a minha vida porque eu não esperava que de uma hora pra outra meu pai fosse embora fosse deixa,aio isso é um fato que u acho ue mais como muito minha vida por que eu não esperava e do umo hora apaa outro meu pai fosse m embora o porsei deixa,0.5806451612903226,0.21232876712328766,0.11335440138553052,0.7939895
9699_alip_.wav,Vosk,aí meu pai pegou e começou a fazer pressão meu pai começou a fazer pressão falar assim que é queria saber quem era o pai aí eu acabei falando né,meu pai futebol e começou a fazer pressão meu pai que fazer questão é saber quem está falando,0.5333333333333333,0.4583333333333333,0.36247899797227645,0.775915
9699_alip_.wav,Whisper,aí meu pai pegou e começou a fazer pressão meu pai começou a fazer pressão falar assim que é queria saber quem era o pai aí eu acabei falando né,"aí meu pai pegou e começou a fazer pressão, meu pai começou a fazer pressão, falasse que queria saber quem era o pai, aí eu acabei falando.",0.13333333333333333,0.09027777777777778,0.08763236469692653,0.8885492
9699_alip_.wav,Wav2Vec2,aí meu pai pegou e começou a fazer pressão meu pai começou a fazer pressão falar assim que é queria saber quem era o pai aí eu acabei falando né,a meu pade pegou e começou a fazer previsão meu pai comas sofa depressão fala sim fli e queria saber quenhar o pai aeu acabei falandoné,0.5666666666666667,0.2013888888888889,0.13015429178873697,0.79551715
64744_alip_.wav,Vosk,leonice eu gostaria que você me contasse alguma história alguma coisa que aconteceu com você na sua infância ou na adolescência ou agora mesmo,gostaria de contar uma história alguma coisa aconteceu com você infância adolescência em seu amor,0.625,0.3873239436619718,0.30747512747958244,0.7605938
64744_alip_.wav,Whisper,leonice eu gostaria que você me contasse alguma história alguma coisa que aconteceu com você na sua infância ou na adolescência ou agora mesmo,"Leonid, se eu gostaria que você me contasse alguma história, alguma coisa que aconteceu com você, na sua infância, na adolescência, agora mesmo.",0.16666666666666666,0.09154929577464789,0.07054954196301456,0.8594336
64744_alip_.wav,Wav2Vec2,leonice eu gostaria que você me contasse alguma história alguma coisa que aconteceu com você na sua infância ou na adolescência ou agora mesmo,leonite eu gostaria que você me contasse alguma história alguma coisa que aconteceu com você nasua infância o na adolescente ou agora mesmo,0.20833333333333334,0.04929577464788732,0.13116557022620892,0.9241275
3230_alip_.wav,Vosk,aí teve que ficar esperando lá a gente tava cansada que nós ficamos o dia inteiro no parque eh só que aí foi legal assim porque tava à noite,sou professora lá estava cansada quando somos inteira não faz amigas uma noite,0.896551724137931,0.5928571428571429,0.3420624374783655,0.70674103
3230_alip_.wav,Whisper,aí teve que ficar esperando lá a gente tava cansada que nós ficamos o dia inteiro no parque eh só que aí foi legal assim porque tava à noite,"A gente teve que esperar um do lado, a gente estava cansada quando eu fomos de inteiro no parque. Só que a gente foi negá-lo, porque estava noite.",0.6551724137931034,0.42142857142857143,0.09060650364334036,0.7528153
3230_alip_.wav,Wav2Vec2,aí teve que ficar esperando lá a gente tava cansada que nós ficamos o dia inteiro no parque eh só que aí foi legal assim porque tava à noite,asjusicas perondo laje estava cansado quanda somo dindieiro no parque e sua caífa a elegal te e e perguitava à noite,0.8620689655172413,0.42142857142857143,0.12833725118860953,0.68285954
9826_alip_.wav,Vosk,vários bancos é um postinho simples apesar da cidade se uma cidadezinha pequena um município praticamente é é um um um há um postinho assim,vários anos é um poço uma cidadezinha pequeno município tragicamente é um a um post,0.64,0.43884892086330934,0.2889707027112736,0.7733242
9826_alip_.wav,Whisper,vários bancos é um postinho simples apesar da cidade se uma cidadezinha pequena um município praticamente é é um um um há um postinho assim,"vários bancos é um postinho, a pesada cidade se uma cidade pequena, município praticamente é um postinho assim",0.4,0.23741007194244604,0.06485184764160828,0.8425102
9826_alip_.wav,Wav2Vec2,vários bancos é um postinho simples apesar da cidade se uma cidadezinha pequena um município praticamente é é um um um há um postinho assim,vários bancos é um postiho sinplos apesar da cidade se uma cidaded zinha pequena municípia praticamente é é um um um amportin ofim,0.4,0.14388489208633093,0.13262533089693854,0.7993878
242745_nurc_.wav,Vosk,enquanto o japonês a gente tinha um preço até na nos próprios hotéis do japão as mercadorias tinham até preços inferiores ao do comércio,o,0.9583333333333334,0.9926470588235294,0.17247617478304975,0.57163054
242745_nurc_.wav,Whisper,enquanto o japonês a gente tinha um preço até na nos próprios hotéis do japão as mercadorias tinham até preços inferiores ao do comércio,"e quanto já comisem, tinha um preço até, na nos próprios outros japões, as mercadorias e até preços inferior do Oco-Mestre.",0.5,0.33088235294117646,0.07161099342028313,0.77028644
242745_nurc_.wav,Wav2Vec2,enquanto o japonês a gente tinha um preço até na nos próprios hotéis do japão as mercadorias tinham até preços inferiores ao do comércio,enquanto japonesas tinham um preço até nanus prootais japão as mercadorias tium até pretos inferiores a lo funez,0.625,0.27941176470588236,0.13427501877564743,0.7694752
243216_nurc_.wav,Vosk,se você viaja você vai comprar num lugar estranho um objeto que na sua cidade tem a vontade que você nunca teve a oportunidade de ver,o modo imediato o,1.0,0.9022556390977443,0.24354853278690902,0.62645656
243216_nurc_.wav,Whisper,se você viaja você vai comprar num lugar estranho um objeto que na sua cidade tem a vontade que você nunca teve a oportunidade de ver,"você viaja, você vai entrar num lugar estranho, um objeto na sua cidade sem arrondada, porque eu nunca tenho a própria cidade de ouvir.",0.46153846153846156,0.3082706766917293,0.08001310637846631,0.7987304
243216_nurc_.wav,Wav2Vec2,se você viaja você vai comprar num lugar estranho um objeto que na sua cidade tem a vontade que você nunca teve a oportunidade de ver,se você viaja você vai comprar um nuugastranho um objeto e nececidade tem avontade do que nunca chega a o poperitar de ver,0.5,0.2556390977443609,0.12960198359807737,0.7588698
243384_nurc_.wav,Vosk,se você precisava de um pneumático seu carro tava precisando de um pneumático ia na rua tirava pneumático velho e botava um novo,o o o,1.0,0.9609375,0.19535126192121122,0.6008027
243384_nurc_.wav,Whisper,se você precisava de um pneumático seu carro tava precisando de um pneumático ia na rua tirava pneumático velho e botava um novo,"2-3,5 milho de animais, 2-4,5 milho de animais, 2-3,5 milho de animais, 2-3,5 milho de animais.",0.9130434782608695,0.75,0.2833437033917961,0.6103703
243384_nurc_.wav,Wav2Vec2,se você precisava de um pneumático seu carro tava precisando de um pneumático ia na rua tirava pneumático velho e botava um novo,se você pegara de m vinemátia que o padarpa ampeamátia na rua tiráz do lemátio velho salandol,0.782608695652174,0.484375,0.12151894703331904,0.65249765
242768_nurc_.wav,Vosk,se eles vão se a gente vai comprar um objeto pequeno assim pra embrulhar essas coisa toda você não deixa ele dar as costas,o eu não deixei,0.9583333333333334,0.8852459016393442,0.26869464314966973,0.667028
242768_nurc_.wav,Whisper,se eles vão se a gente vai comprar um objeto pequeno assim pra embrulhar essas coisa toda você não deixa ele dar as costas,"se eles vão se a gente vai comprar um obidio, pequeno, sempre em tuta, tudo. Se não deixe das contas.",0.5416666666666666,0.3524590163934426,0.09734130372999947,0.7773034
242768_nurc_.wav,Wav2Vec2,se eles vão se a gente vai comprar um objeto pequeno assim pra embrulhar essas coisa toda você não deixa ele dar as costas,se eres bons se a gente vai comprar uma objetapequeno sempemburgasa later cê não deixe ele das corta,0.6666666666666666,0.319672131147541,0.13290272011585905,0.7441352
243317_nurc_.wav,Vosk,os os professores de trânsito essa rua tal não devia ser contra mão devia ser mão dupla devia ser mão pra cá mão pra lá,o encontrar o amor pra lá,0.92,0.7899159663865546,0.3274270443229494,0.66429764
243317_nurc_.wav,Whisper,os os professores de trânsito essa rua tal não devia ser contra mão devia ser mão dupla devia ser mão pra cá mão pra lá,"os escopetor de trás, dessa rua tal não podia ser contra a mão, podia ser um todo do cem, mas placar, mas lá...",0.64,0.453781512605042,0.12322571889725334,0.7032496
243317_nurc_.wav,Wav2Vec2,os os professores de trânsito essa rua tal não devia ser contra mão devia ser mão dupla devia ser mão pra cá mão pra lá,os os professores de trã dessa rua tal não de via se encontrar mão ligua ateima o torro de se emão paracar mão para lá,0.64,0.31092436974789917,0.12318372589224694,0.7566356
243354_nurc_.wav,Vosk,tem aperfeiçoamento na direção tem aperfeiçoamento no freio tem aperfeiçoamento em outras em outras pequenas coisas,o,1.0,0.991304347826087,0.23625868234335573,0.58530164
243354_nurc_.wav,Whisper,tem aperfeiçoamento na direção tem aperfeiçoamento no freio tem aperfeiçoamento em outras em outras pequenas coisas,"e tem um perquisamento na direção, tem perquisamento no treito, tem dos pensamentos e outras pequenas coisas.",0.5625,0.3217391304347826,0.09703452683274433,0.7689317
243354_nurc_.wav,Wav2Vec2,tem aperfeiçoamento na direção tem aperfeiçoamento no freio tem aperfeiçoamento em outras em outras pequenas coisas,utem alprevistamento na direção sem a previstamento não freite a esmenciamento e outras riousas pequenas coisa,0.8125,0.26956521739130435,0.12235349947786214,0.6601531
243290_nurc_.wav,Vosk,porque se se o tráfego é intenso nós somos obrigados a ir primeira e segunda primeira e segunda primeira e segunda,obrigada e o google,0.9523809523809523,0.868421052631579,0.24122339096321016,0.6187075
243290_nurc_.wav,Whisper,porque se se o tráfego é intenso nós somos obrigados a ir primeira e segunda primeira e segunda primeira e segunda,"então, aqui, um pedaço do seu v�mente! Vamos наблюдar pra retorralar o KneeLongadaLast, obrigada pra lembrar a benef inheritance pro알hou! Agora, saving aqui, aquiclockwise! Tesando,",1.1904761904761905,1.1491228070175439,0.6696386540661081,0.58882225
243290_nurc_.wav,Wav2Vec2,porque se se o tráfego é intenso nós somos obrigados a ir primeira e segunda primeira e segunda primeira e segunda,orqueesie se le tras gue e a intensa no ação des obrigado a i mele segunda podeirem seguma primeira bigunda,0.9047619047619048,0.37719298245614036,0.11883334079340634,0.6090885
243030_nurc_.wav,Vosk,eu tô falando como uma coisa que a primeira vez na minha vida que eu tô fazendo essa uma entrevista dessa natureza,o,1.0,0.9912280701754386,0.2530012027910877,0.5506473
243030_nurc_.wav,Whisper,eu tô falando como uma coisa que a primeira vez na minha vida que eu tô fazendo essa uma entrevista dessa natureza,Vou falar com coisas wat ac Lokmyaprising pregnant que é uma incisca do gango,0.9090909090909091,0.6491228070175439,0.7520351184673267,0.66576535
243030_nurc_.wav,Wav2Vec2,eu tô falando como uma coisa que a primeira vez na minha vida que eu tô fazendo essa uma entrevista dessa natureza,estou falando como coisas da primeirageira es minha vida iriaindem parantesar um entervista dessa natureza,0.7272727272727273,0.3508771929824561,0.12200351612587895,0.72876835
242526_nurc_.wav,Vosk,eu tive a oportunidade de assistir lá na disneylândia o que eles chamam de cinema trezentos e sessenta graus,e e,0.9473684210526315,0.9722222222222222,0.10613351244889625,0.5296845
242526_nurc_.wav,Whisper,eu tive a oportunidade de assistir lá na disneylândia o que eles chamam de cinema trezentos e sessenta graus,Eu tive a oportunidade de assistir o link aqui no lado do que eles deixam de cinema 360°.,0.5789473684210527,0.42592592592592593,0.17841400311584582,0.7869956
242526_nurc_.wav,Wav2Vec2,eu tive a oportunidade de assistir lá na disneylândia o que eles chamam de cinema trezentos e sessenta graus,eu tinho oportundade de assistir lá a teenelandao que kerixando um de cinema trezentas e sessenta graus,0.47368421052631576,0.2222222222222222,0.13028452267296986,0.79290867
243350_nurc_.wav,Vosk,mas mudou setenta e cinco setenta e seis setenta e sete setenta e oito os carros tem uma feição quase igual,o o quadro igual,0.9523809523809523,0.8785046728971962,0.2151058116068556,0.6796141
243350_nurc_.wav,Whisper,mas mudou setenta e cinco setenta e seis setenta e sete setenta e oito os carros tem uma feição quase igual,"euakovizo exit accepted, academos o debate chamado العش believer oouvertes e parecam um pouco dumENTE",0.9523809523809523,0.7757009345794392,0.6715324485941588,0.62126505
243350_nurc_.wav,Wav2Vec2,mas mudou setenta e cinco setenta e seis setenta e sete setenta e oito os carros tem uma feição quase igual,ai mur do setenta e cinta nileses hadeset se atendo ru oescarro tem umafeição clarigual,0.8571428571428571,0.411214953271028,0.11936512940287865,0.6674558
242612_nurc_.wav,Vosk,por exemplo las vegas tinha que existir ar condicionado nos automóveis devido ao calor intenso da cidade,e o e,1.0,0.9519230769230769,0.21545625909284277,0.5798811
242612_nurc_.wav,Whisper,por exemplo las vegas tinha que existir ar condicionado nos automóveis devido ao calor intenso da cidade,"Por exemplo, mais todas as pernas ficam fazendo alguma forma um facilitador com tenso,",0.8823529411764706,0.6442307692307693,0.7233136923400169,0.68958235
242612_nurc_.wav,Wav2Vec2,por exemplo las vegas tinha que existir ar condicionado nos automóveis devido ao calor intenso da cidade,r exemplo gasvega tim que existir a refundicionárme denamavei vivido acaboio têntisclassidade,0.8235294117647058,0.3942307692307692,0.12443005393128102,0.6270994
243334_nurc_.wav,Vosk,porque se a gente olha pra um carro daquele nós encontramos as características do primeiro carro lançado,,1.0,1.0,0.2412124511642109,0.0
243334_nurc_.wav,Whisper,porque se a gente olha pra um carro daquele nós encontramos as características do primeiro carro lançado,"porque se a gente olha para um carro, aquele nós encontramos as caras da minha risca do primeiro carro lançado.",0.35294117647058826,0.17307692307692307,0.11342338594344736,0.85761976
243334_nurc_.wav,Wav2Vec2,porque se a gente olha pra um carro daquele nós encontramos as características do primeiro carro lançado,o que essinar gente olha apantarro daquile nós encontramos mas carovevista do primeiro carro laçado,0.5882352941176471,0.2403846153846154,0.12449828258509016,0.707936
242863_nurc_.wav,Vosk,fica pensando como é que um monstro daquele de céu e e de outras coisas assim sobe com tanta facilidade,o bom e e o solo,0.9,0.8640776699029126,0.20612933869039343,0.65832543
242863_nurc_.wav,Whisper,fica pensando como é que um monstro daquele de céu e e de outras coisas assim sobe com tanta facilidade,fica perionto com essa laughabout de série E hoje estou assim sob com tanta facilidade,0.65,0.4174757281553398,0.4688260857719247,0.7290943
242863_nurc_.wav,Wav2Vec2,fica pensando como é que um monstro daquele de céu e e de outras coisas assim sobe com tanta facilidade,ficabelefone com el monstre daquele dissereguiojas dezen sobe com tanta facilida,0.8,0.42718446601941745,0.1346781202238406,0.69210124
242515_nurc_.wav,Vosk,então nós tivemos a oportunidade de assistir umas cenas umas filmagens que são realmente interessantes,,1.0,1.0,0.13168192745231017,0.0
242515_nurc_.wav,Whisper,então nós tivemos a oportunidade de assistir umas cenas umas filmagens que são realmente interessantes,Então nós tivemos a propriedade de assistir uma cena nos fulvais. São Helm em que terça.,0.6666666666666666,0.35294117647058826,0.0692104230852406,0.7698474
242515_nurc_.wav,Wav2Vec2,então nós tivemos a oportunidade de assistir umas cenas umas filmagens que são realmente interessantes,então nós tivemos a ponta edidário de assistir as cenas os shuragas são realmente interessantes,0.4,0.24509803921568626,0.1344105005804712,0.81549716
243125_nurc_.wav,Vosk,oportunidade de comprar alguma coisa de fabricação de de de artesões artísticos mesmo de lá do panamá,o e lado,1.0,0.9207920792079208,0.18335075940206516,0.63995117
243125_nurc_.wav,Whisper,oportunidade de comprar alguma coisa de fabricação de de de artesões artísticos mesmo de lá do panamá,Não emp가 de comprar uma coisa que elaского se aguard Deutschland puffing para a época de Newton que estava se preparando de caricamento do organisms danke a chegar,1.2941176470588236,1.1485148514851484,0.8673058574803955,0.70802945
243125_nurc_.wav,Wav2Vec2,oportunidade de comprar alguma coisa de fabricação de de de artesões artísticos mesmo de lá do panamá,podem idado de comprar alguma coisa por sabrigas andos e havia aéjanjdis deosmeio de lado panana,0.7647058823529411,0.42574257425742573,0.12762365788759306,0.7276841
243111_nurc_.wav,Vosk,o que era uma característica do japão todo quarto todo hotel que a gente foi tinha televisão a cores,o ou o,0.9473684210526315,0.94,0.186164598283111,0.5839193
243111_nurc_.wav,Whisper,o que era uma característica do japão todo quarto todo hotel que a gente foi tinha televisão a cores,fil Lifuffaie Sabia SH Это inglest como você,1.0,0.81,0.6346210356952788,0.6174047
243111_nurc_.wav,Wav2Vec2,o que era uma característica do japão todo quarto todo hotel que a gente foi tinha televisão a cores,eu quero matar a texa de avão todo o quarto apel temftentenalizarhá cores,0.8947368421052632,0.53,0.11896410080970204,0.683671
243135_nurc_.wav,Vosk,já depois da viagem que eu fiz daqui para o panamá quando o avião subiu eu ainda senti um mal estar,o e para o fim o estado,0.8571428571428571,0.8080808080808081,0.30594737908831154,0.6238234
243135_nurc_.wav,Whisper,já depois da viagem que eu fiz daqui para o panamá quando o avião subiu eu ainda senti um mal estar,A gente já viu um deviceecho e lá fur时 do modo no caso da Rumor! E é a restore ambassador do Indonesi..,1.0476190476190477,0.7878787878787878,0.6862064558327355,0.6484616
243135_nurc_.wav,Wav2Vec2,já depois da viagem que eu fiz daqui para o panamá quando o avião subiu eu ainda senti um mal estar,já depois da viagem couvuida aqui para o panama quando o havia um tume ainda sentimau estat,0.5714285714285714,0.26262626262626265,0.12679276125531896,0.7835807
242817_nurc_.wav,Vosk,no dia que os chineses quiserem acabar com com hong kong é só cortar a água que eles ficam sem água,o o e,1.0,0.9494949494949495,0.26677793397962557,0.55677027
242817_nurc_.wav,Whisper,no dia que os chineses quiserem acabar com com hong kong é só cortar a água que eles ficam sem água,<|si|>ushiteira e rata vacun chama ru penaltyación...,1.0,0.7575757575757576,1.1686197708795418,0.58970016
242817_nurc_.wav,Wav2Vec2,no dia que os chineses quiserem acabar com com hong kong é só cortar a água que eles ficam sem água,dia que o chidueiro será tabar com um um ungaslopolta água pege e suprecenado,0.8095238095238095,0.5252525252525253,0.12268015477793896,0.6887915
243320_nurc_.wav,Vosk,porque tudo que se diz na vida todo mundo tem seu argumento pra dizer que deve ser daquela maneira,e o,1.0,0.9693877551020408,0.13813155197155397,0.5833393
243320_nurc_.wav,Whisper,porque tudo que se diz na vida todo mundo tem seu argumento pra dizer que deve ser daquela maneira,que tudo refρά rapidamente toda o mundo specifically álbumo e acertЕ constraint finalmente,0.8947368421052632,0.6836734693877551,0.5650248821459121,0.6645982
243320_nurc_.wav,Wav2Vec2,porque tudo que se diz na vida todo mundo tem seu argumento pra dizer que deve ser daquela maneira,que todo refibrir na vida todo mundo tem seu algomestabebes deve deve cer daquela manina,0.5263157894736842,0.30612244897959184,0.13037009538960587,0.75749874
242900_nurc_.wav,Vosk,a gente comprava dólar porque em todo local que a gente chegava a gente comprava a moeda do país,,1.0,1.0,0.17923182524717615,0.0
242900_nurc_.wav,Whisper,a gente comprava dólar porque em todo local que a gente chegava a gente comprava a moeda do país,comprar o mafait no local... n Growth Preciso,0.9473684210526315,0.71875,0.7365674621658116,0.6287653
242900_nurc_.wav,Wav2Vec2,a gente comprava dólar porque em todo local que a gente chegava a gente comprava a moeda do país,ele comprava doqe tode local quente chegarente encomprando uma moera do país,0.7894736842105263,0.375,0.1272191156580105,0.7232631
aai3QcbLetk-0016.wav,Vosk,do que o que eu estou falando agora simplesmente porque é novo simplesmente porque é diferente a gente adora isso se a gente for pensar bem as filas na porta da apple da loja da samsung quando vai sair um telefone novo atesta isso as pessoas querem coisas novas a gente quer a novidade a gente quer ver o que que tem de diferente,bom horas as filas na obra telefone novo até querem coisas novas novidades,0.875,0.7933130699088146,0.22381436607064722,0.67454916
aai3QcbLetk-0016.wav,Whisper,do que o que eu estou falando agora simplesmente porque é novo simplesmente porque é diferente a gente adora isso se a gente for pensar bem as filas na porta da apple da loja da samsung quando vai sair um telefone novo atesta isso as pessoas querem coisas novas a gente quer a novidade a gente quer ver o que que tem de diferente,"do que eu me vou falando agora, simplesmente um pequeno, simplesmente um pequeno, mas a gente agora é isso, a gente vou pensar em as filas na porta da época ou da laflação sombrando mais à minha telefone novo, até as três, as pessoas querem coisas nomes, a gente querem a novidade, a gente querem ver o que tem diferente.",0.484375,0.3069908814589666,0.07785881218844898,0.7963012
aai3QcbLetk-0016.wav,Wav2Vec2,do que o que eu estou falando agora simplesmente porque é novo simplesmente porque é diferente a gente adora isso se a gente for pensar bem as filas na porta da apple da loja da samsung quando vai sair um telefone novo atesta isso as pessoas querem coisas novas a gente quer a novidade a gente quer ver o que que tem de diferente,do que eu vu bouvalos agora simplesmente me quedou simplesmente que que é diferenteas gente atorais jentes vou pensar bem nas filas na porta da éma ou da loja açãosunge quando varsar no telefone novo a testares as pessoas querem coisas novas entite ra novidaded e que havia o guicrande diferente,0.625,0.2917933130699088,0.12470044229672925,0.76244456
aai3QcbLetk-0046.wav,Vosk,não é tão boa assim não resolve tanto o problema então o problema é a pessoa de novo né então a gente tira ela a pessoa então pra a gente achar a pessoa certa pra fazer o que você precisa no lugar que você precisa no interesse que você precisa na empresa do jeito que é hoje você tem uma chance em sete milhões,então hoje o problema fazer o que você precisa lugares que você precisa fazer crescido empresa você,0.8125,0.7258064516129032,0.21790434404746775,0.74722975
aai3QcbLetk-0046.wav,Whisper,não é tão boa assim não resolve tanto o problema então o problema é a pessoa de novo né então a gente tira ela a pessoa então pra a gente achar a pessoa certa pra fazer o que você precisa no lugar que você precisa no interesse que você precisa na empresa do jeito que é hoje você tem uma chance em sete milhões,"Não é tão bom assim, o redvolfe é tanto problema. Então, problema é a pessoa de novo, né? Então, a gente tira ela a pessoa. Então, para a gente achar a pessoa certa, para fazer o que você precisa. No lugar de você precisa, na melhoria, se você precisa, na imbrança. No jeito que é hoje, você tem alguma chance em 7 milhões.",0.25,0.1774193548387097,0.06887580930572196,0.8194211
aai3QcbLetk-0046.wav,Wav2Vec2,não é tão boa assim não resolve tanto o problema então o problema é a pessoa de novo né então a gente tira ela a pessoa então pra a gente achar a pessoa certa pra fazer o que você precisa no lugar que você precisa no interesse que você precisa na empresa do jeito que é hoje você tem uma chance em sete milhões,centa um powske no redvalve tanto o problema e tal problema e a pessoa de novo na então aditira ela avisor ao agente a chapa es soa certa a fazer o que você precisa o lugar que você precisa o melhoresse você preciso na empresa no jeito que é hoje você tem uma chança em sete filhões,0.484375,0.22580645161290322,0.1252539010392022,0.8169266
aai3QcbLetk-0006.wav,Vosk,obstáculo difícil e o engraçado dessas histórias era que sempre as pe os integrantes das equipes tinham habilidades e competências muito diferentes e aquelas diferenças eram fundamentais pra ver pra vitória da equipe a terceira coisa que era presente na mesma infância era,difícil os integrantes habilidade muitos a casa diferenças fundamentais era presente,0.8372093023255814,0.7058823529411765,0.225200527995761,0.6613042
aai3QcbLetk-0006.wav,Whisper,obstáculo difícil e o engraçado dessas histórias era que sempre as pe os integrantes das equipes tinham habilidades e competências muito diferentes e aquelas diferenças eram fundamentais pra ver pra vitória da equipe a terceira coisa que era presente na mesma infância era,o estado difícil. E o engraçado dessas histórias era que sempre as pessoas os integrantes das equipe tinham habilidades e competências muito diferentes e aquelas diferenças eram fundamentais para o auditorio da equipe. O terceiro coisa que era presente na minha infância era...,0.2558139534883721,0.11764705882352941,0.05651427795851256,0.84577346
aai3QcbLetk-0006.wav,Wav2Vec2,obstáculo difícil e o engraçado dessas histórias era que sempre as pe os integrantes das equipes tinham habilidades e competências muito diferentes e aquelas diferenças eram fundamentais pra ver pra vitória da equipe a terceira coisa que era presente na mesma infância era,nstar l o difício e o ingaçado dessas hisdórias era dicennas meos integrantes das equips de comabilidades e competências muito diferentes e a gasa diferenças eram fundamentais bramenpladitória da equipeo terceiro poifo quera o presente na minha invansia era,0.6511627906976745,0.21691176470588236,0.12264628226547732,0.73298824
aai3QcbLetk-0031.wav,Vosk,não eh a gente teve um problema a equipe dele foi eh foi pega numa auditoria fazendo algo fora das regras e seguranças da empresa e aquilo me chamou muita atenção porque ele era um cara sempre muito preocupado sempre tava buscando seguir as regras e fazer o correto,não é um problema é que foi auditoria fazendo algo fora segurança da empresa atenção para seguir as regras e fazer,0.673469387755102,0.5773584905660377,0.2096264293305327,0.7708371
aai3QcbLetk-0031.wav,Whisper,não eh a gente teve um problema a equipe dele foi eh foi pega numa auditoria fazendo algo fora das regras e seguranças da empresa e aquilo me chamou muita atenção porque ele era um cara sempre muito preocupado sempre tava buscando seguir as regras e fazer o correto,"Não, a gente teve um problema, a equipe dele foi... Foi pregando uma auditoria fazendo algo fora das regras do segurança da empresa. E aquilo chama muita atenção porque ele é sempre muito preocupado, você está buscando seguir as regras e fazer um correto.",0.2857142857142857,0.16981132075471697,0.06035430925195095,0.85113895
aai3QcbLetk-0031.wav,Wav2Vec2,não eh a gente teve um problema a equipe dele foi eh foi pega numa auditoria fazendo algo fora das regras e seguranças da empresa e aquilo me chamou muita atenção porque ele era um cara sempre muito preocupado sempre tava buscando seguir as regras e fazer o correto,não e enspeireu um problema e que bider foi afoi begando uma aujtoria fazendo algo fora das anegras do seguranço havem presoele última muito genção geias quando m casa senta é muito preocupado senta amonstrando celir as regras e fazia um correr,0.7346938775510204,0.3622641509433962,0.12513745601033846,0.74216735
aai3QcbLetk-0007.wav,Vosk,minha família sempre teve muitos negócios eu quando criança participava e ajudava os funcionários em algumas tarefas bobas como panfletagem ou ficava tocando fita cassete enciclopédia de fita cassete tô entregando muito né ficava tocando fita cassete no rádio,negócio participaram e ajudaram a  área,0.9743589743589743,0.8687258687258688,0.25223002346168977,0.64495367
aai3QcbLetk-0007.wav,Whisper,minha família sempre teve muitos negócios eu quando criança participava e ajudava os funcionários em algumas tarefas bobas como panfletagem ou ficava tocando fita cassete enciclopédia de fita cassete tô entregando muito né ficava tocando fita cassete no rádio,"e vai ver sempre que teve muitos negócios e eu dando a criança participava e ajudava os funcionários de algumas tarefas bobas como uma cedade, eu falo que eu estou dando fitacacete, esse coloquei não é fitacacete, estou empregando muito né, eu quero que eu não dando fitacacete no rádio",0.7948717948717948,0.3783783783783784,0.08185183595171751,0.76393986
aai3QcbLetk-0007.wav,Wav2Vec2,minha família sempre teve muitos negócios eu quando criança participava e ajudava os funcionários em algumas tarefas bobas como panfletagem ou ficava tocando fita cassete enciclopédia de fita cassete tô entregando muito né ficava tocando fita cassete no rádio,minha família sem pe tevea muitos nevosios dejogando friança participava e ajudados funcionários alguns quarenta cobas com o caocedade o fralator da fitacassete se colpetam de tacassete toue ntreirando muito na kaandodar os vilacasseias no raro,0.7948717948717948,0.3127413127413127,0.12402251323689939,0.6971874
aai3QcbLetk-0056.wav,Vosk,sistemas ruins garante pessoas boas o que a gente precisa fazer no final das contas é o líder precisa sair da zo zo da sua zona de conforto e passar a observar ir ao local de trabalho conversar com as pessoas ouvir o que tá acontecendo são elas que sabem,que a gente precisa fazer é o líder ainda azul suas conforto e passa a observar e local de trabalho conversar com as pessoas ouviu zero são elas,0.58,0.4645669291338583,0.2474644428777903,0.7928286
aai3QcbLetk-0056.wav,Whisper,sistemas ruins garante pessoas boas o que a gente precisa fazer no final das contas é o líder precisa sair da zo zo da sua zona de conforto e passar a observar ir ao local de trabalho conversar com as pessoas ouvir o que tá acontecendo são elas que sabem,"sistemas ruins, grandes pessoas gostam. O que a gente precisa fazer no final das contas, é o líder precisa sair das suas onas de conforto e passar a observar e colocar o trabalho, conversar com as pessoas ou ouvir o que está acontecendo. São elas que sabem...",0.28,0.15354330708661418,0.05994245214753796,0.84422123
aai3QcbLetk-0056.wav,Wav2Vec2,sistemas ruins garante pessoas boas o que a gente precisa fazer no final das contas é o líder precisa sair da zo zo da sua zona de conforto e passar a observar ir ao local de trabalho conversar com as pessoas ouvir o que tá acontecendo são elas que sabem,sistemas ruins garns pesoasouasoque gente precisa fazer om fe no das cosas é o lider precesas saídas usam a suas olas de conforto e passar observar e o local de trabalho comersacuom as pessoas ouvir um litarno tecerto são elas que sa,0.58,0.24015748031496062,0.12458556343894858,0.74657893
aai3QcbLetk-0061.wav,Vosk,o ted é muito legal por conta disso porque ele valoriza e da voz aquelas histórias que tão mudando no da mesma forma vocês precisam dar voz as as pessoas dentro da organização de vocês que tão querendo mudar a empresa e construir uma empresa do bem,é muito legal não conta disso ele valoriza e dar voz a hora mudar o mundo da mesma forma vocês precisam dar voz as pessoas vocês estão querendo mudar possui uma empresa do,0.48936170212765956,0.3629032258064516,0.24201861909917882,0.7982265
aai3QcbLetk-0061.wav,Whisper,o ted é muito legal por conta disso porque ele valoriza e da voz aquelas histórias que tão mudando no da mesma forma vocês precisam dar voz as as pessoas dentro da organização de vocês que tão querendo mudar a empresa e construir uma empresa do bem,o pedi é muito legal quanto disso porque ele vai no risco e dá a força aquelas histórias que estão mudando da mesma forma vocês precisam dar a voz a as pessoas dentro da organização de vocês que estão querendo mudar em conseguimos quem quer输id another,0.46808510638297873,0.24193548387096775,0.24048338333765665,0.84412634
aai3QcbLetk-0061.wav,Wav2Vec2,o ted é muito legal por conta disso porque ele valoriza e da voz aquelas histórias que tão mudando no da mesma forma vocês precisam dar voz as as pessoas dentro da organização de vocês que tão querendo mudar a empresa e construir uma empresa do bem,o tedi é muito legal que quanta tisspo quele valoriza e dá a foso àquelas histórias estão mudando ao mundoda lez ma forma vocês precisam dar rosas em as pessoas nem comimentação de vocês que tão queria mudar a empresa de construir uma empresivo bem,0.5319148936170213,0.23790322580645162,0.12292770652083662,0.79573005
aai3QcbLetk-0050.wav,Vosk,você contratar uma pessoa e eu falei isso aqui você contratar uma pessoa pra fazer o que você precisa que seja feito essa lógica das organizações tá muito equivocada você não precisa contratar alguém pra se livrar de uma responsabilidade,uma pessoa eu falei isso aqui uma pessoa é fazendo que você precisa essa lógica das organizações muito divulgado não precisa se livrar de responsabilidade,0.45,0.38396624472573837,0.1900803965574722,0.81223154
aai3QcbLetk-0050.wav,Whisper,você contratar uma pessoa e eu falei isso aqui você contratar uma pessoa pra fazer o que você precisa que seja feito essa lógica das organizações tá muito equivocada você não precisa contratar alguém pra se livrar de uma responsabilidade,"Você que manda uma pessoa e eu falei isso aqui, você que manda uma pessoa para fazer o que você precisa ser de a vez? Essa lógica das organizações está muito equivocada. Os não precisa contactar alguém, mas sim, frágil e responsabilidade.",0.425,0.22362869198312235,0.05505845819642168,0.8078341
aai3QcbLetk-0050.wav,Wav2Vec2,você contratar uma pessoa e eu falei isso aqui você contratar uma pessoa pra fazer o que você precisa que seja feito essa lógica das organizações tá muito equivocada você não precisa contratar alguém pra se livrar de uma responsabilidade,onsei quando ando uma pessoa e eu falei isso aqui você vevatar uma pessoa para fazer o que você precisa se seja-feitoessa lójica das organizações está muito edvogavoc não psepara na almuém na siry frati da responsabilidade,0.525,0.25316455696202533,0.12379609225378181,0.7500338
aai3QcbLetk-0027.wav,Vosk,e que esse rapaz logo logo foi promovido virou supervisor com razão né ele era um cara tinha o respeito da equipe as pessoas gostavam dele enfim muito bacana alguns meses depois eu cada vez que eu ia lá era mais difícil vê lo,rapaz muito vez mais visível,0.9090909090909091,0.8844444444444445,0.26337622354427975,0.6459518
aai3QcbLetk-0027.wav,Whisper,e que esse rapaz logo logo foi promovido virou supervisor com razão né ele era um cara tinha o respeito da equipe as pessoas gostavam dele enfim muito bacana alguns meses depois eu cada vez que eu ia lá era mais difícil vê lo,"E que esse rapaz é bom foi promovido. E o que você tem visor? Com razão. Ele era um cara... Tiu respeito de equipe, os pessoas gostaram dele... enfim, muito bacana. Alguns meses depois, e cada vez que eu via lá era mais difícil ver.",0.4090909090909091,0.2222222222222222,0.08195902531345686,0.7792832
aai3QcbLetk-0027.wav,Wav2Vec2,e que esse rapaz logo logo foi promovido virou supervisor com razão né ele era um cara tinha o respeito da equipe as pessoas gostavam dele enfim muito bacana alguns meses depois eu cada vez que eu ia lá era mais difícil vê lo,e que esse rapaz au llogo foi promovido meu esupervisor ou nasalta ele éra um cara tinha um recebeito deeguips pesos nosnavam dele em fim um muito malhoralguns meses depois o cadavez que havia lá ra nas difícil vê-lo,0.6363636363636364,0.24888888888888888,0.12555238790810108,0.7486837
aai3QcbLetk-0012.wav,Vosk,todos esses casos do que eu pude que eu podia perceber muito fortemente era que as empresas mais inovadoras que mais produziam resultado eram aquelas empresas que tinham na sua rotina algo diferente o que eu vim compartilhar,muito forte ventos que as empresas mais inovadoras que mais produziam resultado de empresas que tinham a sua rotina,0.6052631578947368,0.5133928571428571,0.2605881099650602,0.75628424
aai3QcbLetk-0012.wav,Whisper,todos esses casos do que eu pude que eu podia perceber muito fortemente era que as empresas mais inovadoras que mais produziam resultado eram aquelas empresas que tinham na sua rotina algo diferente o que eu vim compartilhar,"E com todas essas carrasas do que eu podia perceber muito fortemente, era que as empresas mais innovadoras que mais produciam resultado era que elas empresas que tinham a sua botina algo diferente.",0.5,0.25892857142857145,0.086647633826827,0.85739774
aai3QcbLetk-0012.wav,Wav2Vec2,todos esses casos do que eu pude que eu podia perceber muito fortemente era que as empresas mais inovadoras que mais produziam resultado eram aquelas empresas que tinham na sua rotina algo diferente o que eu vim compartilhar,todas esses casagos eu pude eu podia perceber muito fortemente era qui as empresas mais inovadoiras e mais produziam o resultado era aquelas empresas quetinam a sua dootina algo diferenteo queu vin compartulhar,0.5263157894736842,0.13392857142857142,0.1235187997289572,0.81396765
aai3QcbLetk-0055.wav,Vosk,seja ajam conforme o que eu quero se eu sou chefe eu dou ordem e se ele faz errado ele é demitido pior coisa que pode acontecer dentro da organização é fazer algo diferente do que o chefe pediu e isso é muito problemático,sejam hajam conforme eu quero se chama ordem a pior coisa que pode acontecer algo diferente do chefe isso é muito programa,0.6136363636363636,0.497737556561086,0.22058285772800446,0.76870537
aai3QcbLetk-0055.wav,Whisper,seja ajam conforme o que eu quero se eu sou chefe eu dou ordem e se ele faz errado ele é demitido pior coisa que pode acontecer dentro da organização é fazer algo diferente do que o chefe pediu e isso é muito problemático,"seja o Ajão conforme o que eu quero. Se o seu chefe deu ordem e se ele faz errado, ele é demitido. De alguma coisa que pode acontecer, ele é dano a pesação, é fazer algo diferente do que o chefe pediu. Isso é muito problema.",0.3409090909090909,0.19909502262443438,0.06439061214526495,0.82452613
aai3QcbLetk-0055.wav,Wav2Vec2,seja ajam conforme o que eu quero se eu sou chefe eu dou ordem e se ele faz errado ele é demitido pior coisa que pode acontecer dentro da organização é fazer algo diferente do que o chefe pediu e isso é muito problemático,seja um ajam conforre-me o que eu querose u soucherfe oudou ortem esse ele faz errado ele ademitiu pear coisa que pode acontecer e não omengaçãorá fazer algo diferente do de o chef pedidisso é mui to progamático,0.6136363636363636,0.20361990950226244,0.12392286211252213,0.73406065
aai3QcbLetk-0034.wav,Vosk,acho que eu nunca quero ser pego em inspeção então da próxima vez que alguém tiver vindo inspecionar minha área o que eu vou fazer eu vou esconder tudo todos os problemas que eu tenho vou mandar lavar o chão vou mandar,expressão do mandar,0.9761904761904762,0.9174311926605505,0.24992543749692964,0.62681353
aai3QcbLetk-0034.wav,Whisper,acho que eu nunca quero ser pego em inspeção então da próxima vez que alguém tiver vindo inspecionar minha área o que eu vou fazer eu vou esconder tudo todos os problemas que eu tenho vou mandar lavar o chão vou mandar,é que eu nunca quero saber que é uma inspeção no próximo a vez que alguém tiver vindo a inspeção na área que eu vou fazer eu vou responder tudo do todo o problema que eu tenho vou mandar ela achar ou mandar ela,0.5238095238095238,0.24311926605504589,0.07724754694031506,0.84478027
aai3QcbLetk-0034.wav,Wav2Vec2,acho que eu nunca quero ser pego em inspeção então da próxima vez que alguém tiver vindo inspecionar minha área o que eu vou fazer eu vou esconder tudo todos os problemas que eu tenho vou mandar lavar o chão vou mandar,ét que o mundo quer caber de mainspeçãotuada a próxima vez sue alguém tiver vindo inspecionar nhaário qe eu vou fazer algo escondendo o todos o proglessos a tempocomo da lavalxa ao coma da áqua,0.7380952380952381,0.3532110091743119,0.12889711595163114,0.7416959
BILl-ziMwDY-0046.wav,Vosk,e uma sequência nos encontramos com agua agua fervendo a um determinado grau o estado espelhado é isso mesmo e quando nos perdemos aquela ideia que para estarmos sentado assim dessa forma espelhar outras possibilidades,sequência nós encontramos com água água fervente determinado grau o estado palhaço isso mesmo é quando nós perdemos aquela ideia de eu estar sentado tem que estar assim desta forma se calhar a outras possibilidades,0.6285714285714286,0.24770642201834864,0.21518346089035717,0.8202357
BILl-ziMwDY-0046.wav,Whisper,e uma sequência nos encontramos com agua agua fervendo a um determinado grau o estado espelhado é isso mesmo e quando nos perdemos aquela ideia que para estarmos sentado assim dessa forma espelhar outras possibilidades,"É uma sequência, nós encontramos com uma água. A água ferva um determinado grau. O estado palhaço é isso mesmo, é quando nós perdemos aquela ideia de eu patar a sentar, a tentar assim desta forma. Se calhar outras possibilidades.",0.5714285714285714,0.20642201834862386,0.09430164721474718,0.7863112
BILl-ziMwDY-0046.wav,Wav2Vec2,e uma sequência nos encontramos com agua agua fervendo a um determinado grau o estado espelhado é isso mesmo e quando nos perdemos aquela ideia que para estarmos sentado assim dessa forma espelhar outras possibilidades,é uma frequência nós encontramos com a água a água ferva m o determinado grau o estavo palhaço a esse mesmo é quando nós perdemos aquela ideia dio pata sentar tentar assim desta formaescalhar a outras possibilidades entã,0.6857142857142857,0.22018348623853212,0.12803960202345208,0.7567031
aai3QcbLetk-0035.wav,Vosk,eh pintar parede eh não não fala disso agora não fica quietinho deixa quieto só eu falo e aí vem o terceiro ponto que eu queria compartilhar com vocês que é a questão da cultura por mais que a gente queira promover,é agora não eu falo da cultura,0.8571428571428571,0.8644859813084113,0.24388365342583457,0.7114477
aai3QcbLetk-0035.wav,Whisper,eh pintar parede eh não não fala disso agora não fica quietinho deixa quieto só eu falo e aí vem o terceiro ponto que eu queria compartilhar com vocês que é a questão da cultura por mais que a gente queira promover,"tem da parede, não fala de sua garadão, fica quietinho, deixa quieto, só eu falo e aí eu terceiro ponto que eu queria uma parte da cozinha, isso quer questão da cultura por mais que a gente queira para o meu ouvir",0.4523809523809524,0.2803738317757009,0.08164159009154415,0.80159265
aai3QcbLetk-0035.wav,Wav2Vec2,eh pintar parede eh não não fala disso agora não fica quietinho deixa quieto só eu falo e aí vem o terceiro ponto que eu queria compartilhar com vocês que é a questão da cultura por mais que a gente queira promover,abem da parede é não a fala desoguradãontie katin des jaqueto só iouvá-loe alívial tecer o ponto qaeu querevãm partidar cocêsica questão da culturavor mas qe a gente teira promover,0.7380952380952381,0.3644859813084112,0.12699755144790864,0.66699517
aai3QcbLetk-0015.wav,Vosk,muito bem começado pela inovação a gente adora novidade se o telefone de vocês tocar se chegar um whatsapp qualquer coisa que acontecer com vocês agora vai ser mais interessante que seja por um segundo apenas,inovação a gente agora se você qualquer coisa acontecer com vocês agora que seja por zero,0.6388888888888888,0.5865384615384616,0.2624324895441532,0.7855183
aai3QcbLetk-0015.wav,Whisper,muito bem começado pela inovação a gente adora novidade se o telefone de vocês tocar se chegar um whatsapp qualquer coisa que acontecer com vocês agora vai ser mais interessante que seja por um segundo apenas,"Muito bem, começando pela inovação, a gente adora novidade. Se o transforme de vocês cocaça, chegar ao WhatsApp, qualquer coisa que acontecer com vocês agora vai ser mais interessante que seja por um segundo apenas.",0.1388888888888889,0.09134615384615384,0.07186764851212502,0.8269339
aai3QcbLetk-0015.wav,Wav2Vec2,muito bem começado pela inovação a gente adora novidade se o telefone de vocês tocar se chegar um whatsapp qualquer coisa que acontecer com vocês agora vai ser mais interessante que seja por um segundo apenas,muito bem começando pela inovação a gente adora novidadesetelefones d vocês or cass teao om watsappo qualquer coisa que acontecer com vocês agora pode ser mais interessante que seja por um cigundo apenas,0.3611111111111111,0.125,0.12881126254796982,0.87103856
aai3QcbLetk-0041.wav,Vosk,segunda feira de manhã fala yes vou trabalhar menos na metade parece né e é interessante entender isso isso não é culpa de vocês por mais que as vezes as pessoas queiram fazer vocês vocês pensem dessa forma,trabalhar  isso não é culpa de vocês mas às vezes as pessoas vocês,0.7105263157894737,0.6893203883495146,0.20231123980101162,0.7388002
aai3QcbLetk-0041.wav,Whisper,segunda feira de manhã fala yes vou trabalhar menos na metade parece né e é interessante entender isso isso não é culpa de vocês por mais que as vezes as pessoas queiram fazer vocês vocês pensem dessa forma,,1.0,1.0,0.21392703056335446,0.0
aai3QcbLetk-0041.wav,Wav2Vec2,segunda feira de manhã fala yes vou trabalhar menos na metade parece né e é interessante entender isso isso não é culpa de vocês por mais que as vezes as pessoas queiram fazer vocês vocês pensem dessa forma,u na prande mãnhã fala iences contrabalharmenos na medade parabemquem preser te entender isso isso tão é compa de vocês por mais qe as vezes pessoas queram fazer nocês vocês tivessem rasacó,0.6052631578947368,0.27184466019417475,0.12227832465558437,0.7441868
aai3QcbLetk-0010.wav,Vosk,uma pessoa só poderia ser muito bem passaram se os anos eu tenho hoje dez anos de formado nesses dez anos eu pude visitar empresas o cinco continentes e de diversas culturas e de atividades muito diferentes,hoje da empresa e culturas e jardinagem diferente,0.8918918918918919,0.7864077669902912,0.22970998534266815,0.67036843
aai3QcbLetk-0010.wav,Whisper,uma pessoa só poderia ser muito bem passaram se os anos eu tenho hoje dez anos de formado nesses dez anos eu pude visitar empresas o cinco continentes e de diversas culturas e de atividades muito diferentes,"como pessoas só pura de acê. Muito bem, passaram os anos, eu tenho hoje 10 anos de formado, desses 10 anos eu vou te visitar em presas uns sincontinentes e diversas culturas e de atividades muito diferentes.",0.43243243243243246,0.2087378640776699,0.06745905456147663,0.8050898
aai3QcbLetk-0010.wav,Wav2Vec2,uma pessoa só poderia ser muito bem passaram se os anos eu tenho hoje dez anos de formado nesses dez anos eu pude visitar empresas o cinco continentes e de diversas culturas e de atividades muito diferentes,mla pessoa so ao coderia cermuito bem passar massos anos tem hoje dez anos de formado pdrecisais anos epojo viserá empresas os cinco continêntes e de diversas culturas e de atividades muito diferentes,0.4594594594594595,0.1941747572815534,0.12888968608539958,0.75823796
aai3QcbLetk-0042.wav,Vosk,isso não é culpa das pessoas são culpa do sistema de trabalho vocês trabalham no lugar onde as histórias que são contadas são histórias de obediência de omissão de manda quem pode obedece quem tem juízo,culpa do sistema de trabalho você um lugar a histórias de um beijo de omissão de humana em juízo,0.6944444444444444,0.5742574257425742,0.2899051453015819,0.74957824
aai3QcbLetk-0042.wav,Whisper,isso não é culpa das pessoas são culpa do sistema de trabalho vocês trabalham no lugar onde as histórias que são contadas são histórias de obediência de omissão de manda quem pode obedece quem tem juízo,"São com o grupo do sistema de trabalho. Você trabalha no lugar onde as histórias são contadas são histórias de obey-jance, de um missão, de manda que em pó e vvds que entende o riso?",0.6388888888888888,0.3316831683168317,0.07362406446326593,0.75825804
aai3QcbLetk-0042.wav,Wav2Vec2,isso não é culpa das pessoas são culpa do sistema de trabalho vocês trabalham no lugar onde as histórias que são contadas são histórias de obediência de omissão de manda quem pode obedece quem tem juízo,são ai lumpa das pessoas são cuproa do sistema de trabalhovocê trabalha em o lugar onde as histórias e são contadas cão histórias de obediência de omissão de manda de embóra aberece em tendiviso,0.4722222222222222,0.18811881188118812,0.1299282223541544,0.8273943
aai3QcbLetk-0021.wav,Vosk,co vírus passo a passo um pouquinho de cada vez então uma empresa inovadora ou uma inovação se faz é a partir do sistema de trabalho dela que ela faz todo dia que faz com que ela se torne inovadora,muitos parabéns então igreja inovação se paz dia e fácil,0.9,0.7817258883248731,0.2410960160881464,0.6719413
aai3QcbLetk-0021.wav,Whisper,co vírus passo a passo um pouquinho de cada vez então uma empresa inovadora ou uma inovação se faz é a partir do sistema de trabalho dela que ela faz todo dia que faz com que ela se torne inovadora,"movidos, basta a passo um pouquinho de cada vez. Então, uma imensalovadora ou uma inovação se faz, é a partir do sistema de trabalho dela, pela faz todo dia que faz o que você torna no nadador.",0.3,0.19796954314720813,0.07622964177394938,0.80568403
aai3QcbLetk-0021.wav,Wav2Vec2,co vírus passo a passo um pouquinho de cada vez então uma empresa inovadora ou uma inovação se faz é a partir do sistema de trabalho dela que ela faz todo dia que faz com que ela se torne inovadora,ouvilos passo a passo um pouquinte cada vezentão uma empresa enovadora ouma inlovação silvais é a partir do sistempres trabalho dela apela maz todo o dia que faz u pelacitólio novador,0.6,0.23857868020304568,0.13218825580152266,0.7362403
aai3QcbLetk-0043.wav,Vosk,vei ser muito difícil que você possa exercer a sua criatividade e se motivar nesse trabalho e aí se eu for resumir essa historia toda pra vocês que eu tô contando em uma frase seria sistemas ruins,difícil que você possa e aí vai para vocês uma frase seria sistemas,0.7027027027027027,0.6683673469387755,0.2829626747144021,0.7032935
aai3QcbLetk-0043.wav,Whisper,vei ser muito difícil que você possa exercer a sua criatividade e se motivar nesse trabalho e aí se eu for resumir essa historia toda pra vocês que eu tô contando em uma frase seria sistemas ruins,"Vai ser muito difícil que você possa exercer as oportunidades e motivar a essa matada. E aí, eu vou resumir essa história na toda pra vocês quanto à nenhuma frase. Seu dia, estemos ruins.",0.5675675675675675,0.2857142857142857,0.08153608471056156,0.7962283
aai3QcbLetk-0043.wav,Wav2Vec2,vei ser muito difícil que você possa exercer a sua criatividade e se motivar nesse trabalho e aí se eu for resumir essa historia toda pra vocês que eu tô contando em uma frase seria sistemas ruins,as é muito difícil que você possa serser as rogratilidades e motivar as evavade aí evoi resolmir asse torna dalou re você esuto pantando ehuma frase seria esisem as ruins,0.7297297297297297,0.336734693877551,0.12867092294154375,0.7058138
